strikes,ivs
7100,0.269965504
7200,0.246217256
7300,0.22283839
7400,0.202008244
7500,0.184172401
7600,0.169899157
7700,0.158302365
7800,0.150774247
7900,0.145298962
8000,0.141661286
8100,0.139141163
8200,0.137403079
8300,0.135946967
8400,0.134928781
8500,0.133980073
8600,0.133101972
8700,0.132350002